Subject,State Name,Total Facilities,Websites Found,Success Rate,Updated JSON File,Error
/home/ubuntu/alabama_facilities.json,Alabama,224,206,92.0%,/home/ubuntu/updated_file/0_HksSmb1TQWuuUSJfnB5dja_1770827751267_na1fn_L2hvbWUvdWJ1bnR1L2FsYWJhbWFfZmFjaWxpdGllc191cGRhdGVk.json,
/home/ubuntu/alaska_facilities.json,Alaska,20,20,100.0%,/home/ubuntu/updated_file/1_bODRKIyJXtBXHUsqxKSodT_1770827597407_na1fn_L2hvbWUvdWJ1bnR1L2FsYXNrYV9mYWNpbGl0aWVzX3VwZGF0ZWQ.json,
/home/ubuntu/arizona_facilities.json,Arizona,140,139,99.3%,/home/ubuntu/updated_file/2_aaXuDGCIdGWbfYaqbdrhwg_1770828613350_na1fn_L2hvbWUvdWJ1bnR1L2FyaXpvbmFfZmFjaWxpdGllc191cGRhdGVk.json,
/home/ubuntu/arkansas_facilities.json,Arkansas,221,215,97.3%,/home/ubuntu/updated_file/3_Y6uqDpYBQvFtM8GlE5BTo4_1770827737380_na1fn_L2hvbWUvdWJ1bnR1L2Fya2Fuc2FzX2ZhY2lsaXRpZXNfdXBkYXRlZA.json,
/home/ubuntu/california_facilities.json,California,1163,1079,92.8%,/home/ubuntu/updated_file/4_9yfggjGZVikFKQRyxjcBEg_1770832223342_na1fn_L2hvbWUvdWJ1bnR1L2NhbGlmb3JuaWFfZmFjaWxpdGllc191cGRhdGVk.json,
/home/ubuntu/colorado_facilities.json,Colorado,210,194,92.4%,/home/ubuntu/updated_file/5_gTvuEQVP8UfPCjx73Nbh6N_1770828219351_na1fn_L2hvbWUvdWJ1bnR1L2NvbG9yYWRvX2ZhY2lsaXRpZXNfdXBkYXRlZA.json,
/home/ubuntu/connecticut_facilities.json,Connecticut,193,189,97.9%,/home/ubuntu/updated_file/6_ugGjWhBxBUJrg8Zna30ee9_1770827860918_na1fn_L2hvbWUvdWJ1bnR1L2Nvbm5lY3RpY3V0X2ZhY2lsaXRpZXNfdXBkYXRlZA.json,
/home/ubuntu/dc_facilities.json,District of Columbia,17,15,88.2%,/home/ubuntu/updated_file/7_4B04nmXyiGcWCV905yDYSX_1770827674495_na1fn_L2hvbWUvdWJ1bnR1L2RjX2ZhY2lsaXRpZXNfdXBkYXRlZA.json,
/home/ubuntu/delaware_facilities.json,Delaware,44,42,95.5%,/home/ubuntu/updated_file/8_mX2JaSUqcetH06fSzKl9zV_1770827616362_na1fn_L2hvbWUvdWJ1bnR1L2RlbGF3YXJlX2ZhY2lsaXRpZXNfdXBkYXRlZA.json,
/home/ubuntu/florida_facilities.json,Florida,695,677,97.4%,/home/ubuntu/updated_file/9_crRnyCXw4PXRS37pIA3rYU_1770830015951_na1fn_L2hvbWUvdWJ1bnR1L2Zsb3JpZGFfZmFjaWxpdGllc193aXRoX3dlYnNpdGVz.json,
/home/ubuntu/georgia_facilities.json,Georgia,356,325,91.3%,/home/ubuntu/updated_file/10_dAnYmv6Z3XyvBx119pFk5D_1770828031268_na1fn_L2hvbWUvdWJ1bnR1L2dlb3JnaWFfZmFjaWxpdGllc191cGRhdGVk.json,
/home/ubuntu/hawaii_facilities.json,Hawaii,42,40,95.2%,/home/ubuntu/updated_file/11_gzsQMqQuWV85Ox9g01eh3Z_1770828586649_na1fn_L2hvbWUvdWJ1bnR1L2hhd2FpaV9mYWNpbGl0aWVzX3VwZGF0ZWQ.json,
/home/ubuntu/idaho_facilities.json,Idaho,80,80,100.0%,/home/ubuntu/updated_file/12_nWWaw3sjNSgsKRIsPGERFv_1770827830762_na1fn_L2hvbWUvdWJ1bnR1L2lkYWhvX2ZhY2lsaXRpZXNfdXBkYXRlZA.json,
/home/ubuntu/illinois_facilities.json,Illinois,669,10,1.5%,/home/ubuntu/updated_file/13_NoX2xG8XlNg1SvOs6B24o5_1770830679269_na1fn_L2hvbWUvdWJ1bnR1L2lsbGlub2lzX2ZhY2lsaXRpZXNfdXBkYXRlZA.json,
/home/ubuntu/indiana_facilities.json,Indiana,507,496,97.8%,/home/ubuntu/updated_file/14_ipCPlQhhQj1CyNIziQOAtA_1770828278983_na1fn_L2hvbWUvdWJ1bnR1L2luZGlhbmFfZmFjaWxpdGllc191cGRhdGVk.json,
/home/ubuntu/iowa_facilities.json,Iowa,395,355,89.9%,/home/ubuntu/updated_file/15_nev3QDfZhDySY9RpiqlBIO_1770828216678_na1fn_L2hvbWUvdWJ1bnR1L2lvd2FfZmFjaWxpdGllc193aXRoX3dlYnNpdGVz.json,
/home/ubuntu/kansas_facilities.json,Kansas,299,282,94.3%,/home/ubuntu/updated_file/16_8C00kVhxU0loyJpbGGxGnF_1770828137930_na1fn_L2hvbWUvdWJ1bnR1L2thbnNhc19mYWNpbGl0aWVzX3VwZGF0ZWQ.json,
/home/ubuntu/louisiana_facilities.json,Louisiana,266,252,94.7%,/home/ubuntu/updated_file/18_DTjBDF5i5ObrhbgZSYP2GS_1770828459846_na1fn_L2hvbWUvdWJ1bnR1L3VwZGF0ZWRfbG91aXNpYW5hX2ZhY2lsaXRpZXM.json,
/home/ubuntu/maine_facilities.json,Maine,78,75,96.2%,/home/ubuntu/updated_file/19_gjdNb12IKo1I95P1r9u3Xg_1770828364413_na1fn_L2hvbWUvdWJ1bnR1L21haW5lX2ZhY2lsaXRpZXNfdXBkYXRlZA.json,
/home/ubuntu/maryland_facilities.json,Maryland,220,217,98.6%,/home/ubuntu/updated_file/20_zYuzQrKEOoWcWyI4oqj4o4_1770828499587_na1fn_L2hvbWUvdWJ1bnR1L21hcnlsYW5kX2ZhY2lsaXRpZXNfdXBkYXRlZA.json,
/home/ubuntu/massachusetts_facilities.json,Massachusetts,341,325,95.3%,/home/ubuntu/updated_file/21_4gvVWoX12hIxz6P471rJ40_1770828644433_na1fn_L2hvbWUvdWJ1bnR1L21hc3NhY2h1c2V0dHNfZmFjaWxpdGllc193aXRoX3dlYnNpdGVz.json,
/home/ubuntu/michigan_facilities.json,Michigan,424,412,97.2%,/home/ubuntu/updated_file/22_p5VwZGC6Vvw3Ap4NPYDzco_1770828809170_na1fn_L2hvbWUvdWJ1bnR1L21pY2hpZ2FuX2ZhY2lsaXRpZXNfdXBkYXRlZA.json,
/home/ubuntu/minnesota_facilities.json,Minnesota,340,334,98.2%,/home/ubuntu/updated_file/23_jS5we9qPluUQgmaYi5Il0x_1770829087068_na1fn_L2hvbWUvdWJ1bnR1L21pbm5lc290YV9mYWNpbGl0aWVzX3VwZGF0ZWQ.json,
/home/ubuntu/mississippi_facilities.json,Mississippi,201,179,89.1%,/home/ubuntu/updated_file/24_yM9a5W5St3aCqjN3S7Lkjw_1770829870154_na1fn_L2hvbWUvdWJ1bnR1L21pc3Npc3NpcHBpX2ZhY2lsaXRpZXNfdXBkYXRlZA.json,
/home/ubuntu/missouri_facilities.json,Missouri,485,437,90.1%,/home/ubuntu/updated_file/25_vU6mLJdNkaRs8RfP0MGPvY_1770829024417_na1fn_L2hvbWUvdWJ1bnR1L21pc3NvdXJpX2ZhY2lsaXRpZXNfdXBkYXRlZA.json,
/home/ubuntu/montana_facilities.json,Montana,61,54,88.5%,/home/ubuntu/updated_file/26_6kJntrxBNnOehtxadkKTsp_1770828951935_na1fn_L2hvbWUvdWJ1bnR1L21vbnRhbmFfZmFjaWxpdGllc191cGRhdGVk.json,
/home/ubuntu/nebraska_facilities.json,Nebraska,179,158,88.3%,/home/ubuntu/updated_file/27_xK4H1alkvGelniC4XzIK1K_1770829611036_na1fn_L2hvbWUvdWJ1bnR1L25lYnJhc2thX2ZhY2lsaXRpZXNfdXBkYXRlZA.json,
/home/ubuntu/nevada_facilities.json,Nevada,66,64,97.0%,/home/ubuntu/updated_file/28_yQ5mAaqhqjc6AsrsnKNvZG_1770828990052_na1fn_L2hvbWUvdWJ1bnR1L25ldmFkYV9mYWNpbGl0aWVzX3VwZGF0ZWQ.json,
/home/ubuntu/new_hampshire_facilities.json,New Hampshire,74,73,98.6%,/home/ubuntu/updated_file/29_cCbw8ASEPQsrN03LSBbdUc_1770829092696_na1fn_L2hvbWUvdWJ1bnR1L25ld19oYW1wc2hpcmVfZmFjaWxpdGllc191cGRhdGVk.json,
/home/ubuntu/new_jersey_facilities.json,New Jersey,348,341,98.0%,/home/ubuntu/updated_file/30_GlRHYo8JQJPWJuRgLostQG_1770834730100_na1fn_L2hvbWUvdWJ1bnR1L25ld19qZXJzZXlfZmFjaWxpdGllc191cGRhdGVk.json,
/home/ubuntu/new_mexico_facilities.json,New Mexico,68,65,95.6%,/home/ubuntu/updated_file/31_cquNQnxoSD31v1dTKHbv5Z_1770829098148_na1fn_L2hvbWUvdWJ1bnR1L25ld19tZXhpY29fZmFjaWxpdGllc191cGRhdGVk.json,
/home/ubuntu/new_york_facilities.json,New York,597,574,96.1%,/home/ubuntu/updated_file/32_o3XAqePAi8A25lkuS3LO8L_1770830155277_na1fn_L2hvbWUvdWJ1bnR1L25ld195b3JrX2ZhY2lsaXRpZXNfdXBkYXRlZA.json,
/home/ubuntu/north_carolina_facilities.json,North Carolina,419,393,93.8%,/home/ubuntu/updated_file/33_DYfvaL0bdSJ2Pr7v827TfO_1770833792433_na1fn_L2hvbWUvdWJ1bnR1L25vcnRoX2Nhcm9saW5hX2ZhY2lsaXRpZXNfdXBkYXRlZA.json,
/home/ubuntu/north_dakota_facilities.json,North Dakota,73,73,100.0%,/home/ubuntu/updated_file/34_0tboqij4qui78RFscEB8SO_1770829630180_na1fn_L2hvbWUvdWJ1bnR1L25vcnRoX2Rha290YV9mYWNpbGl0aWVzX3VwZGF0ZWQ.json,
/home/ubuntu/ohio_facilities.json,Ohio,922,883,95.8%,/home/ubuntu/updated_file/35_I8odHvsOtJRqhXVU5sLwLa_1770830350427_na1fn_L2hvbWUvdWJ1bnR1L29oaW9fZmFjaWxpdGllc191cGRhdGVk.json,
/home/ubuntu/oklahoma_facilities.json,Oklahoma,285,216,75.8%,/home/ubuntu/updated_file/36_leXbUTiDD5qkKDjrqAnqkg_1770830009308_na1fn_L2hvbWUvdWJ1bnR1L29rbGFob21hX2ZhY2lsaXRpZXNfdXBkYXRlZA.json,
/home/ubuntu/oregon_facilities.json,Oregon,128,124,96.9%,/home/ubuntu/updated_file/37_hHQnASgOkJFe2Tz7kXyfFe_1770830005436_na1fn_L2hvbWUvdWJ1bnR1L29yZWdvbl9mYWNpbGl0aWVzX3VwZGF0ZWQ.json,
/home/ubuntu/pennsylvania_facilities.json,Pennsylvania,657,632,96.2%,/home/ubuntu/updated_file/38_TmZeYefWtl9Evvhlf38Ojm_1770830630540_na1fn_L2hvbWUvdWJ1bnR1L3Blbm5zeWx2YW5pYV9mYWNpbGl0aWVzX3VwZGF0ZWQ.json,
/home/ubuntu/rhode_island_facilities.json,Rhode Island,73,69,94.5%,/home/ubuntu/updated_file/39_QycXQQ9OFxUQMRzHCbG7rw_1770830198467_na1fn_L2hvbWUvdWJ1bnR1L3Job2RlX2lzbGFuZF9mYWNpbGl0aWVzX3dpdGhfd2Vic2l0ZXM.json,
/home/ubuntu/south_carolina_facilities.json,South Carolina,187,175,93.6%,/home/ubuntu/updated_file/40_1KsstoAPwRqixvHEHxboIK_1770830181511_na1fn_L2hvbWUvdWJ1bnR1L3NvdXRoX2Nhcm9saW5hX2ZhY2lsaXRpZXNfdXBkYXRlZA.json,
/home/ubuntu/south_dakota_facilities.json,South Dakota,96,90,93.8%,/home/ubuntu/updated_file/41_CKmL567GEsg0ay0VCPapno_1770830300133_na1fn_L2hvbWUvdWJ1bnR1L3NvdXRoX2Rha290YV9mYWNpbGl0aWVzX3VwZGF0ZWQ.json,
/home/ubuntu/tennessee_facilities.json,Tennessee,303,292,96.4%,/home/ubuntu/updated_file/42_igk3FyJdJAuz9Awh0g5o0L_1770830571464_na1fn_L2hvbWUvdWJ1bnR1L3Rlbm5lc3NlZV9mYWNpbGl0aWVzX3VwZGF0ZWQ.json,
/home/ubuntu/texas_facilities.json,Texas,1176,,0.0%,/home/ubuntu/updated_file/43_llnPsZOiOOb9Lv0ZoPfPMb_1770830248653_na1fn_L2hvbWUvdWJ1bnR1L3RleGFzX2ZhY2lsaXRpZXNfdXBkYXRlZA.json,
/home/ubuntu/utah_facilities.json,Utah,98,93,94.9%,/home/ubuntu/updated_file/44_N3QQIMIraW8eTu384KpUob_1770830592555_na1fn_L2hvbWUvdWJ1bnR1L3V0YWhfZmFjaWxpdGllc191cGRhdGVk.json,
/home/ubuntu/vermont_facilities.json,Vermont,34,32,94.1%,/home/ubuntu/updated_file/45_0Mczjzl4s45HDv8TX9mWvG_1770830386427_na1fn_L2hvbWUvdWJ1bnR1L3Zlcm1vbnRfZmFjaWxpdGllc191cGRhdGVk.json,
/home/ubuntu/virginia_facilities.json,Virginia,289,274,94.8%,/home/ubuntu/updated_file/46_y5OkXtn7nVdSdMQbaTp2la_1770830604408_na1fn_L2hvbWUvdWJ1bnR1L3ZpcmdpbmlhX2ZhY2lsaXRpZXNfdXBkYXRlZA.json,
/home/ubuntu/washington_facilities.json,Washington,193,187,96.9%,/home/ubuntu/updated_file/47_RriTMgRk9EZo2bdtVwwA7V_1770830929053_na1fn_L2hvbWUvdWJ1bnR1L3dhc2hpbmd0b25fZmFjaWxpdGllc191cGRhdGVk.json,
/home/ubuntu/west_virginia_facilities.json,West Virginia,123,119,96.7%,/home/ubuntu/updated_file/48_VIgd2v3Z7EPAHkQ1X6LRp3_1770830844839_na1fn_L2hvbWUvdWJ1bnR1L3dlc3RfdmlyZ2luaWFfZmFjaWxpdGllc191cGRhdGVk.json,
/home/ubuntu/wyoming_facilities.json,Wyoming,36,36,100.0%,/home/ubuntu/updated_file/50_RnqjBQnYP7FXc90SQ6jNgl_1770830897754_na1fn_L2hvbWUvdWJ1bnR1L3d5b21pbmdfZmFjaWxpdGllc191cGRhdGVk.json,
